{
  "properties": {
    "connectionReferences": {
      "shared_sharepointonline": {
        "api": {
          "name": "shared_sharepointonline"
        },
        "connection": {
          "connectionReferenceLogicalName": "tsinfo_sharedsharepointonline_530ee"
        },
        "runtimeSource": "embedded"
      },
      "shared_office365": {
        "api": {
          "name": "shared_office365"
        },
        "connection": {
          "connectionReferenceLogicalName": "tsinfo_sharedoffice365_09488"
        },
        "runtimeSource": "embedded"
      }
    },
    "definition": {
      "$schema": "https://schema.management.azure.com/providers/Microsoft.Logic/schemas/2016-06-01/workflowdefinition.json#",
      "contentVersion": "1.0.0.0",
      "parameters": {
        "$authentication": {
          "defaultValue": {},
          "type": "SecureObject"
        },
        "$connections": {
          "defaultValue": {},
          "type": "Object"
        },
        "DemoSite - https://tsinfotechnologies.sharepoint.com/sites/DemoSite (tsinfo_shared_sharepointonline_1d44c8bba3214f66b0cc0dc7464f6ef5)": {
          "defaultValue": "https://tsinfotechnologies.sharepoint.com/sites/DemoSite",
          "type": "String",
          "metadata": {
            "schemaName": "tsinfo_shared_sharepointonline_1d44c8bba3214f66b0cc0dc7464f6ef5"
          }
        },
        "Request Form Details (tsinfo_shared_sharepointonline_60ba12470be040a4a5008c9f96f7cff8)": {
          "defaultValue": "ad3c68dd-c55a-40af-a9d4-403438967262",
          "type": "String",
          "metadata": {
            "schemaName": "tsinfo_shared_sharepointonline_60ba12470be040a4a5008c9f96f7cff8"
          }
        },
        "Admin Details (tsinfo_AdminDetails)": {
          "defaultValue": "a917d5ab-eb5e-4d01-9837-84a7b614435e",
          "type": "String",
          "metadata": {
            "schemaName": "tsinfo_AdminDetails",
            "description": "list address"
          }
        },
        "Request Attachments (tsinfo_RequestAttachments)": {
          "defaultValue": "701b14b3-71e2-4645-9f78-0b66d055d127",
          "type": "String",
          "metadata": {
            "schemaName": "tsinfo_RequestAttachments"
          }
        },
        "Requester Comment Details (tsinfo_RequesterCommentDetails)": {
          "defaultValue": "1e690597-f559-47b2-ad09-c1c62f020a6d",
          "type": "String",
          "metadata": {
            "schemaName": "tsinfo_RequesterCommentDetails"
          }
        }
      },
      "triggers": {
        "When_an_item_is_created_or_modified_|_Request_Form_Details": {
          "type": "OpenApiConnection",
          "inputs": {
            "parameters": {
              "dataset": "@parameters('DemoSite - https://tsinfotechnologies.sharepoint.com/sites/DemoSite (tsinfo_shared_sharepointonline_1d44c8bba3214f66b0cc0dc7464f6ef5)')",
              "table": "@parameters('Request Form Details (tsinfo_shared_sharepointonline_60ba12470be040a4a5008c9f96f7cff8)')"
            },
            "host": {
              "apiId": "/providers/Microsoft.PowerApps/apis/shared_sharepointonline",
              "operationId": "GetOnUpdatedItems",
              "connectionName": "shared_sharepointonline"
            }
          },
          "recurrence": {
            "interval": 1,
            "frequency": "Minute"
          },
          "splitOn": "@triggerOutputs()?['body/value']",
          "metadata": {
            "operationMetadataId": "79cb1f82-0e07-4db5-a076-849790ea32f5"
          }
        }
      },
      "actions": {
        "Get_items_|_Admin_Details": {
          "type": "OpenApiConnection",
          "inputs": {
            "parameters": {
              "dataset": "@parameters('DemoSite - https://tsinfotechnologies.sharepoint.com/sites/DemoSite (tsinfo_shared_sharepointonline_1d44c8bba3214f66b0cc0dc7464f6ef5)')",
              "table": "@parameters('Admin Details (tsinfo_AdminDetails)')",
              "$top": 10
            },
            "host": {
              "apiId": "/providers/Microsoft.PowerApps/apis/shared_sharepointonline",
              "operationId": "GetItems",
              "connectionName": "shared_sharepointonline"
            }
          },
          "runAfter": {
            "Initialize_variable_|_var_Admin_Email": [
              "Succeeded"
            ]
          },
          "metadata": {
            "operationMetadataId": "4d55d372-e6fa-465b-acb5-0bbe3148acc9"
          }
        },
        "Initialize_variable_|_var_Admin_Email": {
          "type": "InitializeVariable",
          "inputs": {
            "variables": [
              {
                "name": "varAdminEmail",
                "type": "string"
              }
            ]
          },
          "runAfter": {},
          "metadata": {
            "operationMetadataId": "c6425a49-6c20-4187-902c-6c9af1670cc8"
          }
        },
        "For_each_|_Admin": {
          "type": "Foreach",
          "foreach": "@outputs('Get_items_|_Admin_Details')?['body/value']",
          "actions": {
            "Select_|_Admin_Email": {
              "type": "Select",
              "inputs": {
                "from": "@items('For_each_|_Admin')?['Approvers']",
                "select": "@item()?['Email']"
              },
              "metadata": {
                "operationMetadataId": "4bbe47de-121a-4178-99f9-f51bff1dcf84"
              }
            },
            "Join_|_Admin_Email": {
              "type": "Join",
              "inputs": {
                "from": "@body('Select_|_Admin_Email')",
                "joinWith": ";"
              },
              "runAfter": {
                "Select_|_Admin_Email": [
                  "Succeeded"
                ]
              },
              "metadata": {
                "operationMetadataId": "38d2da83-45a1-4d17-a118-61dd60192244"
              }
            },
            "Set_variable_|_var_Admin_Email": {
              "type": "SetVariable",
              "inputs": {
                "name": "varAdminEmail",
                "value": "@body('Join_|_Admin_Email')"
              },
              "runAfter": {
                "Join_|_Admin_Email": [
                  "Succeeded"
                ]
              },
              "metadata": {
                "operationMetadataId": "f7d1c41d-a653-4cb2-ae11-18aedfaaa042"
              }
            }
          },
          "runAfter": {
            "Get_items_|_Admin_Details": [
              "Succeeded"
            ]
          },
          "metadata": {
            "operationMetadataId": "19eec504-9176-46e3-95cc-0b050057cdbd"
          }
        },
        "Switch_|_Status_Value": {
          "type": "Switch",
          "expression": "@triggerBody()?['Status']?['Value']",
          "default": {
            "actions": {}
          },
          "cases": {
            "Case_|_Open": {
              "actions": {
                "Condition_1": {
                  "type": "If",
                  "expression": {
                    "and": [
                      {
                        "equals": [
                          "@triggerBody()?['Created']",
                          "@triggerBody()?['Modified']"
                        ]
                      }
                    ]
                  },
                  "actions": {
                    "Condition_|_Check_Attachments": {
                      "type": "If",
                      "expression": {
                        "and": [
                          {
                            "equals": [
                              "@triggerBody()?['{HasAttachments}']",
                              "@true"
                            ]
                          }
                        ]
                      },
                      "actions": {
                        "For_each_|__Attchment": {
                          "type": "Foreach",
                          "foreach": "@outputs('Get_attachments_|_Request_Form_Details')?['body']",
                          "actions": {
                            "Create_file_|_Inside_the_Folder": {
                              "type": "OpenApiConnection",
                              "inputs": {
                                "parameters": {
                                  "dataset": "@parameters('DemoSite - https://tsinfotechnologies.sharepoint.com/sites/DemoSite (tsinfo_shared_sharepointonline_1d44c8bba3214f66b0cc0dc7464f6ef5)')",
                                  "folderPath": "@concat(body('Create_new_folder_|_Request_Attachments')?['{Path}'],'/',concat(triggerBody()?['RequestID'],'-',triggerBody()?['Title']))",
                                  "name": "@items('For_each_|__Attchment')?['DisplayName']",
                                  "body": "@body('Get_attachment_content_|_Request_Form_Details')"
                                },
                                "host": {
                                  "apiId": "/providers/Microsoft.PowerApps/apis/shared_sharepointonline",
                                  "operationId": "CreateFile",
                                  "connectionName": "shared_sharepointonline"
                                }
                              },
                              "runAfter": {
                                "Get_attachment_content_|_Request_Form_Details": [
                                  "Succeeded"
                                ]
                              },
                              "runtimeConfiguration": {
                                "contentTransfer": {
                                  "transferMode": "Chunked"
                                }
                              },
                              "metadata": {
                                "operationMetadataId": "07288a72-d827-4310-bf9d-fa140b7dff07"
                              }
                            },
                            "Get_attachment_content_|_Request_Form_Details": {
                              "type": "OpenApiConnection",
                              "inputs": {
                                "parameters": {
                                  "dataset": "@parameters('DemoSite - https://tsinfotechnologies.sharepoint.com/sites/DemoSite (tsinfo_shared_sharepointonline_1d44c8bba3214f66b0cc0dc7464f6ef5)')",
                                  "table": "@parameters('Request Form Details (tsinfo_shared_sharepointonline_60ba12470be040a4a5008c9f96f7cff8)')",
                                  "itemId": "@triggerBody()?['ID']",
                                  "attachmentId": "@items('For_each_|__Attchment')?['Id']"
                                },
                                "host": {
                                  "apiId": "/providers/Microsoft.PowerApps/apis/shared_sharepointonline",
                                  "operationId": "GetAttachmentContent",
                                  "connectionName": "shared_sharepointonline"
                                }
                              },
                              "metadata": {
                                "operationMetadataId": "7482aef9-22ff-48cf-ae46-8730efde5151"
                              }
                            }
                          },
                          "runAfter": {
                            "Create_new_folder_|_Request_Attachments": [
                              "Succeeded"
                            ]
                          },
                          "metadata": {
                            "operationMetadataId": "1e60ab05-a721-4922-a387-564fd1215196"
                          }
                        },
                        "Get_attachments_|_Request_Form_Details": {
                          "type": "OpenApiConnection",
                          "inputs": {
                            "parameters": {
                              "dataset": "@parameters('DemoSite - https://tsinfotechnologies.sharepoint.com/sites/DemoSite (tsinfo_shared_sharepointonline_1d44c8bba3214f66b0cc0dc7464f6ef5)')",
                              "table": "@parameters('Request Form Details (tsinfo_shared_sharepointonline_60ba12470be040a4a5008c9f96f7cff8)')",
                              "itemId": "@triggerBody()?['ID']"
                            },
                            "host": {
                              "apiId": "/providers/Microsoft.PowerApps/apis/shared_sharepointonline",
                              "operationId": "GetItemAttachments",
                              "connectionName": "shared_sharepointonline"
                            }
                          },
                          "metadata": {
                            "operationMetadataId": "91fcad58-a143-47c0-b53b-403f2b8d81fb"
                          }
                        },
                        "Create_new_folder_|_Request_Attachments": {
                          "type": "OpenApiConnection",
                          "inputs": {
                            "parameters": {
                              "dataset": "@parameters('DemoSite - https://tsinfotechnologies.sharepoint.com/sites/DemoSite (tsinfo_shared_sharepointonline_1d44c8bba3214f66b0cc0dc7464f6ef5)')",
                              "table": "@parameters('Request Attachments (tsinfo_RequestAttachments)')",
                              "parameters/path": "@concat(triggerBody()?['RequestID'],'-',triggerBody()?['Title'])",
                              "view": "9c9ccbfc-cb18-4114-aa9c-f6291b550a40"
                            },
                            "host": {
                              "apiId": "/providers/Microsoft.PowerApps/apis/shared_sharepointonline",
                              "operationId": "CreateNewFolder",
                              "connectionName": "shared_sharepointonline"
                            }
                          },
                          "runAfter": {
                            "Get_attachments_|_Request_Form_Details": [
                              "Succeeded"
                            ]
                          },
                          "metadata": {
                            "operationMetadataId": "30361ce2-bbe8-4adb-b4a2-492ce8b182e1"
                          }
                        },
                        "Send_an_email_(V2)_|_Requester": {
                          "type": "OpenApiConnection",
                          "inputs": {
                            "parameters": {
                              "emailMessage/To": "@triggerBody()?['Requester']?['Email']",
                              "emailMessage/Subject": "Your Request @{triggerBody()?['RequestID']} Has Been Received - Status: @{triggerBody()?['System']?['Value']}",
                              "emailMessage/Body": "<p class=\"editor-paragraph\">Dear @{triggerBody()?['Requester']?['DisplayName']},<br><br>Thank you for submitting your request and your request has been now marked as \"Open\". Below are the details:<br><br>Request ID: @{triggerBody()?['RequestID']}<br>Current Status: @{triggerBody()?['Status']?['Value']}<br>You can view your request by clicking on the link below:<br>[<a class=\"editor-link\" href=\"https://apps.powerapps.com/play/e/default-f0e4273f-10c1-4551-a494-977ebeb5b5fa/a/9acf9047-089e-4202-92f2-83c85aaa811f?tenantId=f0e4273f-10c1-4551-a494-977ebeb5b5fa&amp;hint=966e94a1-15be-4d41-af48-4f4d31bf2611&amp;ScreenName=ViewDetails&amp;requestID=@{triggerBody()?['ID']}\">Click here</a>]<br><br>Thank you</p><br>",
                              "emailMessage/Importance": "Normal"
                            },
                            "host": {
                              "apiId": "/providers/Microsoft.PowerApps/apis/shared_office365",
                              "operationId": "SendEmailV2",
                              "connectionName": "shared_office365"
                            }
                          },
                          "runAfter": {
                            "For_each_|__Attchment": [
                              "Succeeded"
                            ]
                          },
                          "metadata": {
                            "operationMetadataId": "63d4e47a-2048-46cf-acc0-b1063ed184f5"
                          }
                        },
                        "Send_an_email_(V2)_|_Admin": {
                          "type": "OpenApiConnection",
                          "inputs": {
                            "parameters": {
                              "emailMessage/To": "@variables('varAdminEmail')",
                              "emailMessage/Subject": "New Request Submitted: @{triggerBody()?['RequestID']}",
                              "emailMessage/Body": "<p class=\"editor-paragraph\">Hello Admin Team,<br><br>A new request has been submitted with the following details:<br><br><b><strong class=\"editor-text-bold\">Request</strong></b>: @{triggerBody()?['RequestID']}</p><br><br><p class=\"editor-paragraph\">You can view your request by clicking on the link below:<br>[<a class=\"editor-link\" href=\"https://apps.powerapps.com/play/e/default-f0e4273f-10c1-4551-a494-977ebeb5b5fa/a/9acf9047-089e-4202-92f2-83c85aaa811f?tenantId=f0e4273f-10c1-4551-a494-977ebeb5b5fa&amp;hint=966e94a1-15be-4d41-af48-4f4d31bf2611&amp;ScreenName=AdminViewScreen&amp;requestIDAdmin=@{triggerBody()?['ID']}\">Click here</a>]</p><p class=\"editor-paragraph\"><br>Please review and take the necessary action on this request.<br><br>Thank you</p>",
                              "emailMessage/Importance": "Normal"
                            },
                            "host": {
                              "apiId": "/providers/Microsoft.PowerApps/apis/shared_office365",
                              "operationId": "SendEmailV2",
                              "connectionName": "shared_office365"
                            }
                          },
                          "runAfter": {
                            "For_each_|__Attchment": [
                              "Succeeded"
                            ]
                          },
                          "metadata": {
                            "operationMetadataId": "6643097f-ac33-4935-af14-68bdd3caf0c7"
                          }
                        }
                      },
                      "else": {
                        "actions": {
                          "Send_an_email_(V2)_|__Requester": {
                            "type": "OpenApiConnection",
                            "inputs": {
                              "parameters": {
                                "emailMessage/To": "@triggerBody()?['Requester']?['Email']",
                                "emailMessage/Subject": "Your Request @{triggerBody()?['RequestID']} Has Been Received - Status: @{triggerBody()?['Status']?['Value']}",
                                "emailMessage/Body": "<p class=\"editor-paragraph\">Dear @{triggerBody()?['Requester']?['DisplayName']},<br><br>Thank you for submitting your request and your request has been now marked as \"Open\". Below are the details:<br><br>Request ID: @{triggerBody()?['RequestID']}<br>Current Status: @{triggerBody()?['Status']?['Value']}</p><p class=\"editor-paragraph\">You can view your request by clicking on the link below:<br>[<a class=\"editor-link\" href=\"https://apps.powerapps.com/play/e/default-f0e4273f-10c1-4551-a494-977ebeb5b5fa/a/9acf9047-089e-4202-92f2-83c85aaa811f?tenantId=f0e4273f-10c1-4551-a494-977ebeb5b5fa&amp;hint=966e94a1-15be-4d41-af48-4f4d31bf2611&amp;ScreenName=ViewDetails&amp;requestID=@{triggerBody()?['ID']}\">Click here</a>]<br><br>Thank you</p><br>",
                                "emailMessage/Importance": "Normal"
                              },
                              "host": {
                                "apiId": "/providers/Microsoft.PowerApps/apis/shared_office365",
                                "operationId": "SendEmailV2",
                                "connectionName": "shared_office365"
                              }
                            },
                            "metadata": {
                              "operationMetadataId": "08b18a3f-0f40-4ce1-841a-edb6361b941f"
                            }
                          },
                          "Send_an_email_(V2)_|__Admin": {
                            "type": "OpenApiConnection",
                            "inputs": {
                              "parameters": {
                                "emailMessage/To": "@variables('varAdminEmail')",
                                "emailMessage/Subject": "New Request Submitted: @{triggerBody()?['RequestID']}",
                                "emailMessage/Body": "<p class=\"editor-paragraph\">Hello Admin Team,<br><br>A new request has been submitted with the following details:<br><br>Request: @{triggerBody()?['RequestID']}<br>You can view your request by clicking on the link below:<br>[<a class=\"editor-link\" href=\"https://apps.powerapps.com/play/e/default-f0e4273f-10c1-4551-a494-977ebeb5b5fa/a/9acf9047-089e-4202-92f2-83c85aaa811f?tenantId=f0e4273f-10c1-4551-a494-977ebeb5b5fa&amp;hint=966e94a1-15be-4d41-af48-4f4d31bf2611&amp;ScreenName=AdminViewScreen&amp;requestIDAdmin=@{triggerBody()?['ID']}\">Click here</a>]<br><br>Please review and take the necessary action on this request.<br><br>Thank you</p>",
                                "emailMessage/Importance": "Normal"
                              },
                              "host": {
                                "apiId": "/providers/Microsoft.PowerApps/apis/shared_office365",
                                "operationId": "SendEmailV2",
                                "connectionName": "shared_office365"
                              }
                            },
                            "metadata": {
                              "operationMetadataId": "36aedd8c-02a0-47c0-99e5-1d20f0ec0067"
                            }
                          }
                        }
                      },
                      "metadata": {
                        "operationMetadataId": "12224c6d-1603-438d-be4e-80cfc5261f40"
                      }
                    }
                  },
                  "else": {
                    "actions": {
                      "Send_an_email_(V2)_1": {
                        "type": "OpenApiConnection",
                        "inputs": {
                          "parameters": {
                            "emailMessage/To": "@triggerBody()?['Requester']?['Email']",
                            "emailMessage/Subject": "Your Request @{triggerBody()?['RequestID']} is updated by the Admin Pepole (@{triggerBody()?['Editor']?['DisplayName']})",
                            "emailMessage/Body": "<p class=\"editor-paragraph\">Dear @{triggerBody()?['Requester']?['DisplayName']},</p><br><p class=\"editor-paragraph\">Request ID: @{triggerBody()?['RequestID']}<br>Current Status: @{triggerBody()?['Status']?['Value']}<br>You can view your request by clicking on the link below:<br>[<a class=\"editor-link\" href=\"https://apps.powerapps.com/play/e/default-f0e4273f-10c1-4551-a494-977ebeb5b5fa/a/9acf9047-089e-4202-92f2-83c85aaa811f?tenantId=f0e4273f-10c1-4551-a494-977ebeb5b5fa&amp;hint=966e94a1-15be-4d41-af48-4f4d31bf2611&amp;ScreenName=ViewDetails&amp;requestID=@{triggerBody()?['ID']}\">Click here</a>]<br><br>Thank you</p><br>",
                            "emailMessage/Importance": "Normal"
                          },
                          "host": {
                            "apiId": "/providers/Microsoft.PowerApps/apis/shared_office365",
                            "operationId": "SendEmailV2",
                            "connectionName": "shared_office365"
                          }
                        }
                      }
                    }
                  },
                  "metadata": {
                    "operationMetadataId": "c246dbb0-abfe-4fad-a7b6-04ef22ad77e6"
                  }
                }
              },
              "case": "Open"
            },
            "Case_|_In_Progress": {
              "actions": {
                "Send_an_email_(V2)_|_In_Progress": {
                  "type": "OpenApiConnection",
                  "inputs": {
                    "parameters": {
                      "emailMessage/To": "@triggerBody()?['Requester']?['Email']",
                      "emailMessage/Subject": "Your Request @{triggerBody()?['RequestID']} is Now In Progress",
                      "emailMessage/Body": "<p class=\"editor-paragraph\">Dear @{triggerBody()?['Requester']?['DisplayName']},<br><br>Your request has been moved to \"In Progress\". Below are the details:<br><br>Request ID: @{triggerBody()?['RequestID']}<br>Status: @{triggerBody()?['Status']?['Value']}<br>You can view your request by clicking on the link below:<br>[<a class=\"editor-link\" href=\"https://apps.powerapps.com/play/e/default-f0e4273f-10c1-4551-a494-977ebeb5b5fa/a/9acf9047-089e-4202-92f2-83c85aaa811f?tenantId=f0e4273f-10c1-4551-a494-977ebeb5b5fa&amp;hint=966e94a1-15be-4d41-af48-4f4d31bf2611&amp;ScreenName=ViewDetails&amp;requestID=@{triggerBody()?['ID']}\">Click here</a>]<br><br>Thank you<br></p><br>",
                      "emailMessage/Importance": "Normal"
                    },
                    "host": {
                      "apiId": "/providers/Microsoft.PowerApps/apis/shared_office365",
                      "operationId": "SendEmailV2",
                      "connectionName": "shared_office365"
                    }
                  },
                  "runAfter": {
                    "Get_items__|_Requester_Comment_Details": [
                      "Succeeded"
                    ]
                  },
                  "metadata": {
                    "operationMetadataId": "0fbb7001-908f-4a49-b2aa-a4ad344203bb"
                  }
                },
                "For_each_1": {
                  "type": "Foreach",
                  "foreach": "@outputs('Get_items__|_Requester_Comment_Details')?['body/value']",
                  "actions": {
                    "Condition": {
                      "type": "If",
                      "expression": {
                        "and": [
                          {
                            "not": {
                              "equals": [
                                "@triggerBody()?['AssignedtoPrimary']?['Email']",
                                "@null"
                              ]
                            }
                          },
                          {
                            "not": {
                              "equals": [
                                "@items('For_each_1')?['Comment']",
                                "@null"
                              ]
                            }
                          }
                        ]
                      },
                      "actions": {
                        "Send_an_email_(V2)": {
                          "type": "OpenApiConnection",
                          "inputs": {
                            "parameters": {
                              "emailMessage/To": "@{triggerBody()?['AssignedtoPrimary']?['Email']};@{triggerBody()?['AssignedtoSupport']?['Email']}",
                              "emailMessage/Subject": "New Comment Submitted on @{triggerBody()?['RequestID']} by @{triggerBody()?['Requester']?['DisplayName']}",
                              "emailMessage/Body": "<p class=\"editor-paragraph\">Hello,<br><br>A new comment has been submitted by @{triggerBody()?['Requester']?['DisplayName']} on Request @{triggerBody()?['RequestID']}. Below are the details:<br><br><b><strong class=\"editor-text-bold\">Request ID</strong></b>: @{triggerBody()?['RequestID']}<br><b><strong class=\"editor-text-bold\">Requestor Name</strong></b>: @{triggerBody()?['Requester']?['DisplayName']}<br><b><strong class=\"editor-text-bold\">Comment</strong></b>: @{items('For_each_1')?['Comment']}<br><br><b><strong class=\"editor-text-bold\">Date and Time of Comment Submission</strong></b>: @{formatDateTime(items('For_each_1')?['CommentSubmissionDate'],'dd/MM/yyyy hh:mm tt')}</p><br>",
                              "emailMessage/Importance": "Normal"
                            },
                            "host": {
                              "apiId": "/providers/Microsoft.PowerApps/apis/shared_office365",
                              "operationId": "SendEmailV2",
                              "connectionName": "shared_office365"
                            }
                          },
                          "metadata": {
                            "operationMetadataId": "b0b02a50-1e26-40cf-9e1a-16276968a898"
                          }
                        }
                      },
                      "else": {
                        "actions": {}
                      },
                      "metadata": {
                        "operationMetadataId": "459230e8-7a3c-46b0-a257-7d104b08f8bd"
                      }
                    }
                  },
                  "runAfter": {
                    "Send_an_email_(V2)_|_In_Progress": [
                      "Succeeded"
                    ]
                  },
                  "metadata": {
                    "operationMetadataId": "1ac78cbc-a2c1-4b65-9a79-9215a8b04cdf"
                  }
                },
                "Get_items__|_Requester_Comment_Details": {
                  "type": "OpenApiConnection",
                  "inputs": {
                    "parameters": {
                      "dataset": "@parameters('DemoSite - https://tsinfotechnologies.sharepoint.com/sites/DemoSite (tsinfo_shared_sharepointonline_1d44c8bba3214f66b0cc0dc7464f6ef5)')",
                      "table": "@parameters('Requester Comment Details (tsinfo_RequesterCommentDetails)')",
                      "$filter": "RequestID eq '@{triggerBody()?['RequestID']}'"
                    },
                    "host": {
                      "apiId": "/providers/Microsoft.PowerApps/apis/shared_sharepointonline",
                      "operationId": "GetItems",
                      "connectionName": "shared_sharepointonline"
                    }
                  },
                  "metadata": {
                    "operationMetadataId": "14f390cd-00ab-44d5-a60b-03da63cccdd3"
                  }
                }
              },
              "case": "In Progress"
            },
            "Case_|_Requester_Review": {
              "actions": {
                "Send_an_email_(V2)_|_Requester_Review": {
                  "type": "OpenApiConnection",
                  "inputs": {
                    "parameters": {
                      "emailMessage/To": "@triggerBody()?['Requester']?['Email']",
                      "emailMessage/Subject": "Your Request @{triggerBody()?['RequestID']} is Ready for Your Review",
                      "emailMessage/Body": "<p class=\"editor-paragraph\">Dear @{triggerBody()?['Requester']?['DisplayName']},<br><br>Your request is ready for your review. Below are the details:<br><br>Request ID: @{triggerBody()?['RequestID']}<br>Status: @{triggerBody()?['Status']?['Value']}<br>Please review the request and provide any feedback by clicking on the link below:<br>[<a class=\"editor-link\" href=\"https://apps.powerapps.com/play/e/default-f0e4273f-10c1-4551-a494-977ebeb5b5fa/a/9acf9047-089e-4202-92f2-83c85aaa811f?tenantId=f0e4273f-10c1-4551-a494-977ebeb5b5fa&amp;hint=966e94a1-15be-4d41-af48-4f4d31bf2611&amp;ScreenName=ViewDetails&amp;requestID=@{triggerBody()?['ID']}\">Click here</a>]<br><br>Thank you<br></p><br>",
                      "emailMessage/Importance": "Normal"
                    },
                    "host": {
                      "apiId": "/providers/Microsoft.PowerApps/apis/shared_office365",
                      "operationId": "SendEmailV2",
                      "connectionName": "shared_office365"
                    }
                  },
                  "metadata": {
                    "operationMetadataId": "4a3bf952-4d78-497c-a956-bf09b0f39368"
                  }
                }
              },
              "case": "Requester Review"
            },
            "Case_|_Closed": {
              "actions": {
                "Send_an_email_(V2)_|_Closed": {
                  "type": "OpenApiConnection",
                  "inputs": {
                    "parameters": {
                      "emailMessage/To": "@triggerBody()?['Requester']?['Email']",
                      "emailMessage/Subject": "Your Request @{triggerBody()?['RequestID']} is Now Closed",
                      "emailMessage/Body": "<p class=\"editor-paragraph\">Dear @{triggerBody()?['Requester']?['DisplayName']},<br><br>Your request has been closed. Below are the details:<br><br>Request ID: @{triggerBody()?['RequestID']}<br>Status: @{triggerBody()?['Status']?['Value']}<br>You can view your request by clicking on the link below:<br>[<a class=\"editor-link\" href=\"https://apps.powerapps.com/play/e/default-f0e4273f-10c1-4551-a494-977ebeb5b5fa/a/9acf9047-089e-4202-92f2-83c85aaa811f?tenantId=f0e4273f-10c1-4551-a494-977ebeb5b5fa&amp;hint=966e94a1-15be-4d41-af48-4f4d31bf2611&amp;ScreenName=ViewDetails&amp;requestID=@{triggerBody()?['ID']}\">Click here</a>]<br><br>Thank you<br></p><br>",
                      "emailMessage/Importance": "Normal"
                    },
                    "host": {
                      "apiId": "/providers/Microsoft.PowerApps/apis/shared_office365",
                      "operationId": "SendEmailV2",
                      "connectionName": "shared_office365"
                    }
                  },
                  "metadata": {
                    "operationMetadataId": "d1367d55-38bd-4bc1-a742-fa6091660453"
                  }
                }
              },
              "case": "Closed"
            }
          },
          "runAfter": {
            "For_each_|_Admin": [
              "Succeeded"
            ]
          },
          "metadata": {
            "operationMetadataId": "0335db61-c913-4116-aacb-89a35e38ccce"
          }
        }
      },
      "outputs": {}
    },
    "templateName": null
  },
  "schemaVersion": "1.0.0.0"
}